Rank,Author,Solved,Penalty,1001,1002,1003,1004,1005,1006,1007,1008,1009,1010,1011,1012
1,"team0536 海亮1队 诸暨市海亮中学",12,13:59:22,01:53:46,00:20:56,00:10:09,00:35:32,00:09:30,"00:47:38 (-1)","01:48:56 (-3)",01:26:00,00:08:13,00:02:39,02:20:35,"02:35:28 (-1)"
2,"team0779 SMZX01 佛山石门中学",11,21:38:08,"04:33:37 (-7)","01:02:07 (-1)",00:05:15,"00:42:59 (-1)",00:14:08,01:28:51,"01:59:46 (-1)",02:08:00,"00:14:15 (-3)",00:29:28,"03:19:42 (-3)",
3,"team0757 NFLS-T02 南京外国语学校",11,21:40:15,"04:01:45 (-5)","00:31:50 (-3)","00:25:22 (-1)","00:35:40 (-2)",00:09:41,01:07:33,03:01:27,02:29:44,"00:19:50 (-3)",00:06:12,"03:51:11 (-1)",
4,"team0038 华东师大二附中一队 华东师范大学第二附属中学",11,27:22:55,"04:59:17 (-25)","00:49:04 (-3)",00:14:41,00:24:35,00:10:58,00:55:33,"02:37:39 (-5)",02:03:06,00:05:25,00:08:01,,"02:54:36 (-3)"
5,"team0783 NFLS-T28 南京外国语学校",10,11:02:32,"01:46:43 (-1)",00:32:51,00:07:18,00:21:39,00:08:51,00:21:48,(-1),02:40:36,00:04:14,00:19:10,,"03:19:22 (-3)"
6,"team0756 NFLS-T01 南京外国语学校",10,15:31:56,,"00:40:10 (-2)",00:03:58,"00:22:13 (-2)",00:05:29,"00:49:39 (-3)","04:30:49 (-1)","01:55:55 (-2)",00:24:21,00:14:42,(-2),03:04:40
7,"team0394 南外11队 慈溪中学",10,19:48:01,"02:54:57 (-3)","02:29:27 (-3)","00:22:59 (-1)","00:36:58 (-1)","00:24:32 (-3)","01:49:10 (-1)","02:21:29 (-1)",02:59:41,"00:18:28 (-1)","00:30:20 (-1)",,
8,"team0758 NFLS-T03 南京外国语学校",10,20:49:26,,"02:52:40 (-4)",00:10:27,00:47:20,"00:31:45 (-2)",01:23:03,03:32:06,04:14:18,"00:45:24 (-3)",00:24:26,,03:07:57
9,"team0759 NFLS-T04 南京外国语学校",10,22:22:30,"03:30:10 (-5)","01:34:36 (-3)","00:16:05 (-1)",01:50:59,"00:08:12 (-3)",00:56:31,"04:43:25 (-7)",01:27:13,"00:36:30 (-2)",00:18:49,,
10,"team0771 NFLS-T16 南京外国语学校",9,11:22:00,,"01:24:07 (-2)","00:26:16 (-1)",00:12:08,00:16:44,01:57:45,"01:49:15 (-1)",02:51:31,00:48:02,00:16:12,,
11,"team0315 华附10队 华南师范大学附属中学",9,17:52:34,,"03:35:01 (-11)","00:42:09 (-1)",00:49:27,00:37:11,"01:46:59 (-1)",,02:55:10,00:28:43,01:12:21,"01:05:33 (-1)",
12,"team0427 长郡中学5队 长沙市长郡中学",9,22:00:15,,"02:47:21 (-1)","00:23:55 (-3)","01:57:45 (-2)","00:38:43 (-4)",01:10:11,,04:56:09,"01:05:37 (-1)",00:20:44,"04:39:50 (-1)",
13,"team0789 甄综术艺 浙江省瑞安中学",8,10:29:23,,"02:24:46 (-1)",00:07:52,00:49:55,"00:25:17 (-1)",01:33:33,,03:46:01,00:33:36,00:08:23,,
14,"team0774 NFLS-T19 南京外国语学校",8,10:32:17,,"00:41:04 (-2)","00:13:24 (-1)",01:22:16,"00:06:07 (-1)","01:13:52 (-2)",,02:54:23,"00:33:30 (-4)",00:07:41,(-3),
15,"team0424 长郡中学2队 长沙市长郡中学",8,12:08:59,(-5),"01:32:35 (-3)","00:16:20 (-2)",01:15:55,00:13:40,"02:16:59 (-3)",(-2),,00:24:06,00:35:03,02:54:21,
16,"team0426 长郡中学4队 长沙市长郡中学",8,12:29:11,,"03:35:18 (-7)",00:10:49,01:29:11,00:33:29,01:44:12,(-3),,"01:18:41 (-1)",00:34:51,00:22:40,
17,"team0498 清华附中1队 清华大学附属中学",8,12:31:01,,"02:46:42 (-3)",00:12:24,00:34:36,00:14:59,"02:06:10 (-1)",,(-1),00:10:15,00:58:53,"03:47:02 (-1)",(-3)
18,"team0776 NFLS-T21 南京外国语学校",8,13:10:17,,"02:14:04 (-1)","00:38:16 (-1)",02:18:48,"00:27:29 (-1)",01:24:17,,,00:23:09,"00:12:58 (-1)",,04:11:16
19,"team0762 NFLS-T07 南京外国语学校",8,13:31:34,,"04:10:18 (-4)",00:10:44,00:31:28,00:11:17,02:18:00,,"03:16:21 (-1)","00:37:53 (-1)",00:15:33,,
20,"team0763 NFLS-T08 南京外国语学校",8,13:44:45,,"02:25:39 (-6)","00:19:12 (-1)","00:52:13 (-1)","00:10:42 (-2)",00:56:59,,"03:11:18 (-1)","00:44:00 (-3)",00:24:42,,
21,"team0082 SSL01 东莞市东莞中学松山湖学校",8,13:56:56,,"02:21:09 (-2)","00:47:16 (-1)",00:52:00,"00:12:12 (-1)","02:29:40 (-3)",,02:59:59,"00:49:17 (-2)",00:25:23,,(-5)
22,"team0425 长郡中学3队 长沙市长郡中学",8,14:18:18,,"02:11:30 (-2)","00:24:47 (-1)",01:04:13,00:13:03,"01:22:14 (-3)",(-1),,"01:32:32 (-5)",00:31:21,03:18:38,
23,"team0773 NFLS-T18 南京外国语学校",8,16:40:52,,"02:23:09 (-5)","00:42:25 (-5)","00:55:14 (-1)","00:14:13 (-3)",01:40:20,(-1),"04:27:21 (-2)","00:29:52 (-1)",00:08:18,,
24,"team0308 华附3队 华南师范大学附属中学",8,17:47:43,,"04:08:07 (-14)",00:39:20,"00:34:56 (-2)",00:46:35,02:10:16,,"02:24:23 (-3)",00:39:34,00:04:32,,
25,"team0539 海亮4队 诸暨市海亮中学",8,17:56:13,,"04:49:55 (-6)",00:30:06,01:12:03,00:23:24,01:27:53,,"04:13:50 (-3)","01:03:17 (-1)",00:55:45,,
26,"team0428 长郡中学6队 长沙市长郡中学",8,19:34:37,,04:08:32,00:26:30,"03:08:36 (-1)","00:43:16 (-2)",01:55:51,,,"02:01:56 (-1)",00:56:09,04:53:47,
27,"team0326 双十中学1队 福建省厦门双十中学",8,20:53:37,,"04:47:32 (-16)",00:09:05,00:53:03,"00:27:56 (-1)","02:42:16 (-2)",03:46:09,,"00:45:27 (-1)",00:42:09,,
28,"team0551 温中1队 温州中学",8,22:21:45,"03:19:23 (-1)","04:41:24 (-9)",01:30:13,"01:35:52 (-2)","01:25:15 (-1)",02:15:46,,,"01:41:10 (-1)",01:12:42,,
29,"team0576 YWZX06 义乌中学",7,06:27:08,,02:53:31,00:29:51,00:53:03,00:14:56,01:02:29,,,00:33:22,00:19:56,,
30,"team0575 YWZX05 义乌中学",7,09:45:33,,"02:53:17 (-2)","00:29:37 (-5)",00:52:37,00:14:45,"01:02:18 (-2)",,,"00:33:13 (-1)",00:19:46,,
31,"team0769 NFLS-T14 南京外国语学校",7,09:55:26,,02:55:32,"00:27:31 (-1)",00:51:30,"00:14:57 (-1)","02:10:53 (-1)",,,"01:26:10 (-2)",00:08:53,,
32,"team0327 双十中学2队 福建省厦门双十中学",7,09:56:19,,"03:21:28 (-2)",00:12:26,01:19:17,00:25:45,01:46:14,,,"00:43:16 (-2)",00:47:53,,
33,"team0760 NFLS-T05 南京外国语学校",7,10:21:43,,"03:22:41 (-3)",00:09:48,00:51:20,00:12:05,"02:13:17 (-3)",,,"00:23:54 (-3)",00:08:38,,
34,"team0499 清华附中2队 清华大学附属中学",7,10:58:15,,03:03:40,00:29:20,02:33:04,00:11:39,"01:46:55 (-1)",,,01:00:03,01:33:34,,
35,"team0765 NFLS-T10 南京外国语学校",7,11:03:44,,"02:47:22 (-2)","00:45:47 (-2)",02:02:32,00:33:40,00:56:03,,,"01:29:23 (-2)",00:28:57,,
36,"team0770 NFLS-T15 南京外国语学校",7,11:22:21,,"04:01:18 (-1)","00:23:11 (-3)","02:22:34 (-1)",00:09:31,01:41:59,(-29),,00:46:18,00:17:30,,
37,"team0083 SSL02 东莞市东莞中学松山湖学校",7,11:30:37,(-4),"01:55:55 (-5)","00:18:18 (-1)",01:39:36,"00:26:42 (-1)",01:55:08,,(-2),"01:05:38 (-3)",00:49:20,,(-1)
38,"team0764 NFLS-T09 南京外国语学校",7,12:48:03,,"04:15:43 (-3)","00:44:53 (-1)","01:56:47 (-4)",00:33:05,"00:49:39 (-1)",,,01:11:27,00:16:29,,
39,"team0775 NFLS-T20 南京外国语学校",7,12:51:17,,"03:29:07 (-4)",00:45:48,01:34:41,00:23:18,"02:55:30 (-3)",,,01:08:24,00:14:29,,
40,"team0526 绍一1队 绍兴市第一中学",7,12:52:30,,"03:41:01 (-3)","00:36:33 (-2)","01:30:49 (-1)",00:06:41,"02:10:04 (-3)",,,"01:00:46 (-1)",00:26:36,,
41,"team0538 海亮3队 诸暨市海亮中学",7,13:20:18,,"03:00:34 (-12)","00:16:11 (-1)","01:08:46 (-2)",00:16:21,"01:52:33 (-1)",,,00:38:37,"00:27:16 (-1)",,
42,"team0982 金陵2队 南京市第一中学",7,13:27:24,,"02:12:53 (-5)","00:40:12 (-1)",00:59:38,00:44:23,"03:20:56 (-5)",,,"00:55:32 (-1)",00:33:50,,
43,"team0423 长郡中学1队 长沙市长郡中学",7,13:52:05,,"02:15:29 (-1)",00:42:23,02:32:31,"00:25:41 (-3)","03:00:19 (-1)",,,"01:21:30 (-1)","00:34:12 (-3)",,
44,"team0790 以应时需 浙江省瑞安中学",7,14:15:14,,"04:03:36 (-6)","00:19:52 (-1)","00:25:26 (-2)",00:10:40,"02:06:27 (-1)",,,"00:49:26 (-3)","01:19:47 (-2)",,
45,"team0230 六神合体 湖南长沙麓山国际实验学校",7,17:36:11,,"02:19:35 (-1)",00:30:59,"01:07:16 (-2)",01:08:44,"03:06:56 (-9)",(-4),,"02:13:53 (-4)","01:08:48 (-2)",,
46,"team0781 SMZX03 佛山石门中学",6,04:45:05,,(-3),"00:21:17 (-1)",00:53:39,00:07:06,"01:53:16 (-1)",(-7),,00:36:28,00:13:19,,
47,"team0761 NFLS-T06 南京外国语学校",6,05:02:20,,(-2),00:27:17,01:10:02,00:29:53,01:39:40,,,00:37:19,00:38:09,,
48,"team0766 NFLS-T11 南京外国语学校",6,06:17:15,,(-4),00:12:17,02:04:28,00:09:59,01:57:15,,,01:17:36,00:35:40,,
49,"team0788 毛球 深圳中学",6,06:20:26,,(-4),00:03:55,00:31:34,00:23:29,"02:11:42 (-1)",,,"01:14:57 (-2)",00:54:49,,
50,"team0767 NFLS-T12 南京外国语学校",6,06:23:56,(-30),(-4),"00:29:09 (-1)",01:16:54,00:26:16,"02:18:24 (-1)",,,00:50:26,00:22:47,,
51,"team0646 大山6队 大山中学",6,06:43:01,,(-8),"00:06:43 (-2)",01:02:27,"00:26:53 (-3)","01:53:10 (-1)",,,00:41:49,00:31:59,,
52,"team0571 YWZX01 义乌中学",6,07:22:23,,,00:12:40,02:07:32,00:36:47,02:56:19,,,01:08:04,00:21:01,,
53,"team0574 YWZX04 义乌中学",6,07:44:43,,,00:39:13,02:07:31,00:42:48,02:29:50,,,01:10:00,00:35:21,,
54,"team0039 华东师大二附中二队 华东师范大学第二附属中学",6,07:47:41,,(-12),00:22:16,"01:39:50 (-1)",00:44:04,"02:15:13 (-1)",,,"01:14:47 (-2)",00:11:31,,
55,"team0553 温中3队 温州中学",6,08:00:38,,(-6),00:27:23,"02:20:21 (-2)",00:30:44,"02:26:58 (-2)",,,00:40:42,00:14:30,,
56,"team0097 在学校咱们就练起来！ 北京邮电大学",6,08:17:32,,(-14),00:47:49,"03:27:22 (-1)",00:30:11,"00:54:06 (-1)",(-1),,01:15:30,"00:22:34 (-1)",,
57,"team0777 NFLS-T22 南京外国语学校",6,08:47:27,,(-14),00:11:18,"00:38:13 (-6)","00:23:09 (-4)","01:57:07 (-2)",,,01:16:42,00:20:58,,
58,"team0981 金陵1队 南京市第一中学",6,10:09:05,,(-1),00:21:29,01:17:35,"00:30:57 (-5)",02:48:57,,,"02:05:17 (-3)",00:24:50,,
59,"team0784 QZEZ01 衢州第二中学",6,10:35:58,,"03:56:52 (-3)","00:47:08 (-1)","01:49:32 (-1)",00:13:44,(-2),,,"01:08:48 (-1)",00:39:54,,
60,"team0579 YWZX09 义乌中学",6,10:40:13,,(-3),"01:13:18 (-1)",01:23:05,"00:46:53 (-1)","02:51:54 (-1)",,,02:05:56,01:19:07,,
61,"team0527 绍一2队 绍兴市第一中学",6,11:17:37,,(-1),"00:40:16 (-2)",03:17:41,"00:08:37 (-1)","02:44:02 (-2)",,,"01:39:59 (-2)",00:27:02,,
62,"team0529 绍一4队 绍兴市第一中学",6,11:23:38,,,"01:06:13 (-2)",02:13:06,"00:40:27 (-2)",02:49:20,,,"01:41:16 (-1)",01:13:16,,
63,"team0572 YWZX02 义乌中学",6,11:39:00,,(-5),00:11:00,02:07:17,"00:36:20 (-5)","02:55:38 (-6)",,,"01:07:54 (-2)",00:20:51,,
64,"team0442 关注李兰小猫咪谢谢喵 湖南师范大学附属中学",6,11:59:08,,(-10),00:46:21,01:17:44,"00:21:25 (-1)","02:57:09 (-12)",,(-1),01:29:35,00:46:54,,
65,"team0645 大山5队 大山中学",6,12:16:32,,,"00:43:37 (-1)","02:20:49 (-3)","00:55:29 (-5)",02:39:39,,,"01:25:04 (-3)",00:11:54,,
66,"team0999 金陵4队 南京市第一中学",6,12:20:34,,(-13),"00:22:49 (-1)","03:05:42 (-5)","00:31:35 (-1)","01:48:51 (-3)",(-2),,"01:09:43 (-5)",00:21:54,,
67,"team0084 SSL03 东莞市东莞中学松山湖学校",6,15:56:47,,(-4),"00:20:47 (-3)","02:13:21 (-1)","00:44:02 (-8)","03:19:06 (-5)",,,"01:46:05 (-5)",00:13:26,,
68,"team0573 YWZX03 义乌中学",6,16:02:27,,,"00:38:51 (-6)","02:07:17 (-8)","00:42:37 (-10)","02:29:30 (-1)",,,01:09:50,00:34:22,,
69,"team0088 SSL07 东莞市东莞中学松山湖学校",6,16:24:51,,(-2),"01:03:46 (-5)",03:58:45,"00:47:25 (-1)","03:54:58 (-1)",,,"02:01:04 (-1)","01:38:53 (-1)",,
70,"team0785 QZEZ02 衢州第二中学",6,18:44:37,,(-1),"02:39:30 (-3)",04:50:05,01:21:14,04:15:13,,,"03:50:36 (-1)",00:27:59,,
71,"team0639 杭州育才8队 杭州育才中学",6,20:21:47,,(-9),"00:38:00 (-4)",04:49:14,"00:20:13 (-3)","04:59:42 (-5)",,,"02:35:27 (-6)",00:59:11,,
72,"team0554 温中4队 温州中学",5,05:30:57,,(-3),00:48:51,00:51:54,00:28:29,(-2),,,"01:40:39 (-1)",01:21:04,,
73,"team0606 Dyca 合肥168中学",5,09:09:57,,(-6),00:19:29,(-2),00:25:16,"03:04:24 (-2)",,,02:16:43,02:24:05,,
74,"team0768 NFLS-T13 南京外国语学校",5,09:18:26,,,"00:57:53 (-2)",,00:17:08,"04:19:54 (-1)",,,"01:39:50 (-1)","00:23:41 (-1)",,
75,"team0778 NFLS-T23 南京外国语学校",5,10:02:28,,(-4),"00:34:36 (-3)",(-2),"00:16:31 (-2)","04:20:22 (-3)",,,"01:06:33 (-2)",00:24:26,,
76,"team0619 杭州育才1队 杭州育才中学",5,10:09:04,,,"00:34:21 (-1)",02:51:16,"00:16:18 (-1)",03:33:08,,,02:14:01,,,
77,"team0636 杭州育才5队 杭州育才中学",5,10:45:27,(-1),(-15),"00:38:01 (-2)",(-7),"00:36:27 (-1)","03:17:14 (-2)",(-1),(-1),"02:31:26 (-2)",01:22:19,(-1),(-1)
78,"team0637 杭州育才6队 杭州育才中学",5,13:00:25,,(-8),"01:15:56 (-5)",,01:31:45,02:01:39,,,"03:21:58 (-2)","01:29:07 (-3)",,
79,"team0086 SSL05 东莞市东莞中学松山湖学校",5,14:16:09,,,"00:31:06 (-1)","03:31:14 (-2)","01:52:56 (-2)",04:32:20,,,(-1),"01:08:33 (-3)",,
80,"team0640 杭州育才9队 杭州育才中学",4,07:06:41,,(-6),"00:34:25 (-1)",,"00:35:34 (-2)",(-3),,,"02:29:52 (-5)",00:46:50,,
81,"team0772 NFLS-T17 南京外国语学校",4,08:47:58,,,"01:14:28 (-2)",,00:40:16,"04:21:25 (-1)",,,(-5),01:31:49,,
82,"team0319 华附14队 华南师范大学附属中学",4,09:47:21,,(-1),01:19:26,"03:48:27 (-4)","01:05:47 (-2)",,,,01:33:41,,,
83,"team0087 SSL06 东莞市东莞中学松山湖学校",4,11:31:43,,,"02:11:11 (-8)",,"01:53:44 (-1)",(-1),,,"02:38:19 (-1)",01:28:29,,
84,"team0350 SSL08 东莞市东莞中学松山湖学校",4,12:31:54,,,01:21:09,,"02:49:57 (-1)",04:55:43,,,,03:05:05,,
85,"team0085 SSL04 东莞市东莞中学松山湖学校",4,13:31:09,,,"01:46:13 (-3)",,"01:31:41 (-8)",(-2),,,"03:41:58 (-7)",00:31:17,,
86,"team0351 SSL09 东莞市东莞中学松山湖学校",4,14:06:37,,,"01:30:16 (-1)",,"02:46:08 (-3)",,,,"04:46:53 (-1)",03:23:20,,
87,"team0528 绍一3队 绍兴市第一中学",3,02:59:04,,(-1),01:16:40,,00:40:56,,,,(-1),01:01:28,,
88,"team0059 猛炫罚时中 安徽大学",3,03:51:17,,,00:41:35,(-2),"01:55:28 (-3)",(-1),,,(-3),00:14:14,,
89,"team0638 杭州育才7队 杭州育才中学",3,12:44:59,,,"03:38:51 (-15)",,"01:19:40 (-4)",,,,(-7),01:26:28,,
90,"team0537 海亮2队 诸暨市海亮中学",2,03:29:02,,,01:19:02,,"01:10:00 (-3)",,,,,,,
91,"team0986 ycyzxcpc 宜春幼儿师范高等专科学校",2,06:10:09,,,"03:02:33 (-2)",(-2),(-1),,,,(-1),"01:27:36 (-3)",,
92,"team0782 NFLS-T27 南京外国语学校",2,09:48:11,,,,04:32:17,,,,,(-6),"04:55:54 (-1)",,
93,"team0007 广铁一中 广州市铁一中学",0,00:00:00,,,,,,,,,,,,
94,"team0008 peach 广州市第六中学",0,00:00:00,,,,,,,,,,,,
95,"team0306 华附1队 华南师范大学附属中学",0,00:00:00,,,,,,,,,,,,
96,"team0307 华附2队 华南师范大学附属中学",0,00:00:00,,,,,,,,,,,,
97,"team0309 华附4队 华南师范大学附属中学",0,00:00:00,,,,,,,,,,,,
98,"team0310 华附5队 华南师范大学附属中学",0,00:00:00,,,,,,,,,,,,
99,"team0311 华附6队 华南师范大学附属中学",0,00:00:00,,,,,,,,,,,,
100,"team0312 华附7队 华南师范大学附属中学",0,00:00:00,,,,,,,,,,,,
101,"team0313 华附8队 华南师范大学附属中学",0,00:00:00,,,,,,,,,,,,
102,"team0314 华附9队 华南师范大学附属中学",0,00:00:00,,,,,,,,,,,,
103,"team0316 华附11队 华南师范大学附属中学",0,00:00:00,,,,,,,,,,,,
104,"team0317 华附12队 华南师范大学附属中学",0,00:00:00,,,,,,,,,,,,
105,"team0318 华附13队 华南师范大学附属中学",0,00:00:00,,,,,,,,,,,,
106,"team0320 华附15队 华南师范大学附属中学",0,00:00:00,,,,,,,,,,,,
107,"team0521 南浦实验1队 温州市南浦实验中学",0,00:00:00,,,,,,,,,,,,
108,"team0522 南浦实验2队 温州市南浦实验中学",0,00:00:00,,,,,(-1),,,,,(-1),,
109,"team0523 南浦实验3队 温州市南浦实验中学",0,00:00:00,,,,,,,,,,,,
110,"team0524 南浦实验4队 温州市南浦实验中学",0,00:00:00,,,,,,,,,,,,
111,"team0525 南浦实验5队 温州市南浦实验中学",0,00:00:00,,,,,,,,,,,,
112,"team0530 绍一5队 绍兴市第一中学",0,00:00:00,,,,,,,,,,,,
113,"team0531 杭二1队 杭州市第二中学",0,00:00:00,,,,,,,,,,,,
114,"team0532 杭二2队 杭州市第二中学",0,00:00:00,,,,,,,,,,,,
115,"team0533 杭二3队 杭州市第二中学",0,00:00:00,,,,,,,,,,,,
116,"team0534 杭二4队 杭州市第二中学",0,00:00:00,,,,,,,,,,,,
117,"team0535 杭二5队 杭州市第二中学",0,00:00:00,,,,,,,,,,,,
118,"team0540 海亮5队 诸暨市海亮中学",0,00:00:00,,,,,,,,,,,,
119,"team0541 海亮6队 诸暨市海亮中学",0,00:00:00,,,,,,,,,,,,
120,"team0542 海亮7队 诸暨市海亮中学",0,00:00:00,,,,,,,,,,,,
121,"team0543 海亮8队 诸暨市海亮中学",0,00:00:00,,,,,,,,,,,,
122,"team0544 海亮9队 诸暨市海亮中学",0,00:00:00,,,,,,,,,,,,
123,"team0545 海亮10队 诸暨市海亮中学",0,00:00:00,,,,,,,,,,,,
124,"team0546 姚中1队 余姚中学",0,00:00:00,,,,,,,,,,,,
125,"team0547 姚中2队 余姚中学",0,00:00:00,,,,,,,,,,,,
126,"team0548 姚中3队 余姚中学",0,00:00:00,,,,,,,,,,,,
127,"team0549 姚中4队 余姚中学",0,00:00:00,,,,,,,,,,,,
128,"team0550 姚中5队 余姚中学",0,00:00:00,,,,,,,,,,,,
129,"team0552 温中2队 温州中学",0,00:00:00,,,,,,,,,,,,
130,"team0555 温中5队 温州中学",0,00:00:00,,,,,,,,,,,,
131,"team0577 YWZX07 义乌中学",0,00:00:00,,,,,,,,,,,,
132,"team0578 YWZX08 义乌中学",0,00:00:00,,,,,,,,,,,,
133,"team0580 YWZX10 义乌中学",0,00:00:00,,,,,,,,,,,,
134,"team0609 学军1队 学军中学",0,00:00:00,,,,,,,,,,,,
135,"team0610 学军2队 学军中学",0,00:00:00,,,,,,,,,,,,
136,"team0611 学军3队 学军中学",0,00:00:00,,,,,,,,,,,,
137,"team0612 学军4队 学军中学",0,00:00:00,,,,,,,,,,,,
138,"team0613 学军5队 学军中学",0,00:00:00,,,,,,,,,,,,
139,"team0614 学军6队 学军中学",0,00:00:00,,,,,,,,,,,,
140,"team0615 学军7队 学军中学",0,00:00:00,,,,,,,,,,,,
141,"team0616 学军8队 学军中学",0,00:00:00,,,,,,,,,,,,
142,"team0617 学军9队 学军中学",0,00:00:00,,,,,,,,,,,,
143,"team0618 学军10队 学军中学",0,00:00:00,,,,,,,,,,,,
144,"team0620 杭州育才2队 杭州育才中学",0,00:00:00,,,,,,,,,,,,
145,"team0621 杭州育才3队 杭州育才中学",0,00:00:00,,,,,,,,,,,,
146,"team0622 杭州育才4队 杭州育才中学",0,00:00:00,,,,,,,,,,,,
147,"team0641 大山1队 大山中学",0,00:00:00,,,,,,,,,,,,
148,"team0642 大山2队 大山中学",0,00:00:00,,,,,,,,,,,,
149,"team0643 大山3队 大山中学",0,00:00:00,,,(-1),,(-2),,,,,,,
150,"team0644 大山4队 大山中学",0,00:00:00,,,,,,,,,,,,
151,"team0650 杭二信U队 杭州市第二中学",0,00:00:00,,,,,,,,,,,,
152,"team0780 SMZX02 佛山石门中学",0,00:00:00,,,,,,,,,,,,
153,"team0791 gy114514 广东广雅中学",0,00:00:00,,,,,,,,,,,,
154,"team0824 古法编程非遗传承人 华中科技大学",0,00:00:00,,,,,,,,,,,,
155,"team0946 DC1队 绵阳东辰学校",0,00:00:00,,,,,,,,,,,,
156,"team0947 BurgerKing队 绵阳东辰学校",0,00:00:00,,,,,,,,,,,,
157,"team0948 DC三虾米 绵阳东辰学校",0,00:00:00,,,,,,,,,,,,
158,"team0964 jcsteam 济宁孔子学校",0,00:00:00,,,,,,,,,,,,
159,"team0968 纪中1队 中山市中山纪念中学",0,00:00:00,,,,,,,,,,,,
160,"team0969 纪中2队 中山市中山纪念中学",0,00:00:00,,,,,,,,,,,,
161,"team0970 纪中3队 中山市中山纪念中学",0,00:00:00,,,,,,,,,,,,
162,"team0971 纪中4队 中山市中山纪念中学",0,00:00:00,,,,,,,,,,,,
163,"team0972 纪中5队 中山市中山纪念中学",0,00:00:00,,,,,,,,,,,,
164,"team0973 纪中6队 中山市中山纪念中学",0,00:00:00,,,,,,,,,,,,
165,"team0974 纪中7队 中山市中山纪念中学",0,00:00:00,,,,,,,,,,,,
166,"team0975 纪中8队 中山市中山纪念中学",0,00:00:00,,,,,,,,,,,,
167,"team0976 纪中9队 中山市中山纪念中学",0,00:00:00,,,,,,,,,,,,
168,"team0977 纪中10队 中山市中山纪念中学",0,00:00:00,,,,,,,,,,,,
169,"team0978 纪中11队 中山市中山纪念中学",0,00:00:00,,,,,,,,,,,,
170,"team0979 纪中12队 中山市中山纪念中学",0,00:00:00,,,,,,,,,,,,
171,"team0980 纪中13队 中山市中山纪念中学",0,00:00:00,,,,,,,,,,,,
172,"team0983 金陵3队 南京市第一中学",0,00:00:00,,,,,,,,,,,,
